[
    {
        "menuId":1,
        "menuImage": "/assets/images/menu/Menu1.png",
        "menuName": "Spend Contribution Analysis"
    },
    {
        "menuId":2,
        "menuImage": "/assets/images/menu/Menu2.png",
        "menuName": "Unmanaged Spend Analysis"
    },
    {
        "menuId":3,
        "menuImage": "/assets/images/menu/Menu3.png",
        "menuName": "Regional Procurement Savings"
    },
    {
        "menuId":4,
        "menuImage": "/assets/images/menu/Menu4.png",
        "menuName": "Price Forecasting Analysis"
    },
    {
        "menuId":5,
        "menuImage": "/assets/images/menu/Menu5.png",
        "menuName": "Alternate Vendor Strategy"
    },
    {
        "menuId":6,
        "menuImage": "/assets/images/menu/Menu6.png",
        "menuName": "Contract Deviations"
    },
    {
        "menuId":7,
        "menuImage": "/assets/images/menu/Menu7.png",
        "menuName": "Procurement Efficiency"
    }
]