[
    {
        "id":1,
        "monthName":"january",
        "PreviewSummary": "Preview of summary 1",
        "workspaceTile":"Work space title one",
        "Details":[
                    {"MonthDescription":"kk","type":"Tender","Date":"17/03/18"},
                    {"MonthDescription":"suman","type":"FTG","Date":"16/03/18"},
                    {"MonthDescription":"Rahul","type":"MTG","Date":"15/03/18"}
           
        ]
    },
    {
        "id":2,
        "monthName":"Febuary",
        "PreviewSummary": "Preview of summary 2",
        "workspaceTile":"Work space title two",
        "Details":[
                    {"MonthDescription":"sumana","type":"Mender","Date":"17/03/17"},
                    {"MonthDescription":"gandhi","type":"FTG","Date":"16/03/17"},
                    {"MonthDescription":"duban","type":"MTG","Date":"15/03/17"}
           
        ]
    },
    {
        "id":3,
        "monthName":"March",
        "PreviewSummary": "Preview of summary 3",
        "workspaceTile":"Work space title three",
        "Details":[
                    {"MonthDescription":"kumana","type":"VTX","Date":"17/03/16"},
                    {"MonthDescription":"zumana","type":"MTX","Date":"16/03/16"},
                    {"MonthDescription":"taumana","type":"PTX","Date":"15/03/16"}  
        ]
    },
    {
        "id":4,
        "monthName":"April",
        "PreviewSummary": "Preview of summary 4",
        "workspaceTile":"Work space title four",
        "Details":[
                    {"MonthDescription":"Pumana","type":"VTX","Date":"17/03/15"},
                    {"MonthDescription":"Xumana","type":"MTX","Date":"16/03/15"},
                    {"MonthDescription":"Faumana","type":"PTX","Date":"15/03/15"}
            ]
    },
    {
        "id":5,
        "monthName":"May",
        "PreviewSummary": "Preview of summary 5",
        "workspaceTile":"Work space title five",
        "Details":[
                    {"MonthDescription":"zumana","type":"VBC","Date":"17/03/14"},
                    {"MonthDescription":"cumana","type":"MNB","Date":"16/03/14"},
                    {"MonthDescription":"vbgg","type":"MNC","Date":"15/03/14"}
           
                ]
    }
]