[
    {
        "simulationImage":"/assets/images/RightSideBar/side_1.png",
        "simulationStateIncrease":"KPI 1 Increase %",
        "simulationStateDecrease":"KPI 1 Decrease %"
    },
    {
        "simulationImage":"/assets/images/RightSideBar/side_2.png",
        "simulationStateIncrease":"Period GT%",
        "simulationStateDecrease":"Period LT%"
    },
    {
        "simulationImage":"/assets/images/RightSideBar/side_3.png",
        "simulationStateIncrease":"Period GT%",
        "simulationStateDecrease":"Period LT%"
    },
    {
        "simulationImage":"/assets/images/RightSideBar/side_4.png",
        "simulationStateIncrease":"Period GT%",
        "simulationStateDecrease":"Period LT%"
    },
    {
        "simulationImage":"/assets/images/RightSideBar/side_5.png",
        "simulationStateIncrease":"Period GT%",
        "simulationStateDecrease":"Period LT%"
    },
    {
        "simulationImage":"/assets/images/RightSideBar/side_6.png",
        "simulationStateIncrease":"Period GT%",
        "simulationStateDecrease":"Period LT%"
    }
]